Commit #1: 2025-04-07 10:49:31
Fake commit at Mon Apr  7 09:22:05 UTC 2025
Fake commit at Mon Apr  7 09:23:33 UTC 2025
Fake commit at Mon Apr  7 13:31:01 UTC 2025
Fake commit at Mon Apr  7 17:08:17 UTC 2025
Fake commit at Tue Apr  8 05:47:31 UTC 2025
Fake commit at Tue Apr  8 09:19:24 UTC 2025
Fake commit at Tue Apr  8 13:30:43 UTC 2025
Fake commit at Tue Apr  8 17:08:09 UTC 2025
Fake commit at Wed Apr  9 07:32:22 UTC 2025
Fake commit at Wed Apr  9 09:19:12 UTC 2025
Fake commit at Wed Apr  9 13:32:01 UTC 2025
Fake commit at Wed Apr  9 17:08:14 UTC 2025
Fake commit at Thu Apr 10 04:58:53 UTC 2025
Fake commit at Thu Apr 10 05:25:17 UTC 2025
Fake commit at Thu Apr 10 09:18:51 UTC 2025
Fake commit at Thu Apr 10 13:30:43 UTC 2025
Fake commit at Thu Apr 10 17:08:21 UTC 2025
Fake commit at Fri Apr 11 09:18:40 UTC 2025
Fake commit at Fri Apr 11 13:30:03 UTC 2025
Fake commit at Fri Apr 11 17:07:52 UTC 2025
Fake commit at Sat Apr 12 09:18:07 UTC 2025
Fake commit at Sat Apr 12 13:24:03 UTC 2025
Fake commit at Sat Apr 12 17:07:24 UTC 2025
Fake commit at Sun Apr 13 09:18:25 UTC 2025
Fake commit at Sun Apr 13 13:27:54 UTC 2025
Fake commit at Sun Apr 13 17:07:01 UTC 2025
Fake commit at Mon Apr 14 09:20:15 UTC 2025
Fake commit at Mon Apr 14 13:31:41 UTC 2025
Fake commit at Mon Apr 14 17:08:10 UTC 2025
Fake commit at Tue Apr 15 09:19:40 UTC 2025
Fake commit at Tue Apr 15 13:31:35 UTC 2025
Fake commit at Tue Apr 15 17:08:02 UTC 2025
Fake commit at Wed Apr 16 09:19:36 UTC 2025
Fake commit at Wed Apr 16 13:30:59 UTC 2025
Fake commit at Wed Apr 16 17:08:22 UTC 2025
Fake commit at Thu Apr 17 09:19:34 UTC 2025
Fake commit at Thu Apr 17 13:30:10 UTC 2025
Fake commit at Thu Apr 17 17:07:58 UTC 2025
Fake commit at Fri Apr 18 09:18:06 UTC 2025
Fake commit at Fri Apr 18 13:27:48 UTC 2025
Fake commit at Fri Apr 18 17:07:54 UTC 2025
Fake commit at Sat Apr 19 09:16:07 UTC 2025
Fake commit at Sat Apr 19 13:26:17 UTC 2025
Fake commit at Sat Apr 19 17:06:43 UTC 2025
Fake commit at Sun Apr 20 09:15:43 UTC 2025
Fake commit at Sun Apr 20 13:27:15 UTC 2025
Fake commit at Sun Apr 20 17:07:53 UTC 2025
Fake commit at Mon Apr 21 09:19:07 UTC 2025
Fake commit at Mon Apr 21 13:29:31 UTC 2025
Fake commit at Mon Apr 21 17:07:37 UTC 2025
Fake commit at Tue Apr 22 09:19:21 UTC 2025
Fake commit at Tue Apr 22 13:31:07 UTC 2025
Fake commit at Tue Apr 22 17:08:34 UTC 2025
Fake commit at Wed Apr 23 09:19:21 UTC 2025
Fake commit at Wed Apr 23 13:31:26 UTC 2025
Fake commit at Wed Apr 23 17:08:14 UTC 2025
Fake commit at Thu Apr 24 09:19:34 UTC 2025
Fake commit at Thu Apr 24 13:32:01 UTC 2025
Fake commit at Thu Apr 24 17:08:11 UTC 2025
Fake commit at Fri Apr 25 09:18:54 UTC 2025
Fake commit at Fri Apr 25 13:29:52 UTC 2025
Fake commit at Fri Apr 25 17:08:07 UTC 2025
Fake commit at Sat Apr 26 09:16:54 UTC 2025
Fake commit at Sat Apr 26 13:25:30 UTC 2025
Fake commit at Sat Apr 26 17:06:52 UTC 2025
Fake commit at Sun Apr 27 09:16:59 UTC 2025
Fake commit at Sun Apr 27 13:25:31 UTC 2025
Fake commit at Sun Apr 27 17:07:19 UTC 2025
Fake commit at Mon Apr 28 10:49:50 UTC 2025
Fake commit at Mon Apr 28 13:41:19 UTC 2025
Fake commit at Mon Apr 28 17:07:55 UTC 2025
Fake commit at Tue Apr 29 09:19:48 UTC 2025
Fake commit at Tue Apr 29 13:35:07 UTC 2025
Fake commit at Tue Apr 29 17:08:25 UTC 2025
Fake commit at Wed Apr 30 09:19:11 UTC 2025
Fake commit at Wed Apr 30 13:30:50 UTC 2025
Fake commit at Wed Apr 30 17:08:05 UTC 2025
Fake commit at Thu May  1 09:19:00 UTC 2025
Fake commit at Thu May  1 13:29:39 UTC 2025
Fake commit at Thu May  1 17:08:12 UTC 2025
Fake commit at Fri May  2 09:18:50 UTC 2025
Fake commit at Fri May  2 13:30:24 UTC 2025
Fake commit at Fri May  2 17:08:05 UTC 2025
Fake commit at Sat May  3 09:16:55 UTC 2025
Fake commit at Sat May  3 13:26:20 UTC 2025
Fake commit at Sat May  3 17:06:58 UTC 2025
Fake commit at Sun May  4 09:17:06 UTC 2025
Fake commit at Sun May  4 13:26:59 UTC 2025
Fake commit at Sun May  4 17:07:14 UTC 2025
Fake commit at Mon May  5 09:19:39 UTC 2025
Fake commit at Mon May  5 13:31:40 UTC 2025
Fake commit at Mon May  5 17:07:57 UTC 2025
Fake commit at Tue May  6 09:19:40 UTC 2025
Fake commit at Tue May  6 13:33:55 UTC 2025
Fake commit at Tue May  6 17:08:15 UTC 2025
Fake commit at Wed May  7 09:19:41 UTC 2025
Fake commit at Wed May  7 13:34:31 UTC 2025
Fake commit at Wed May  7 17:08:32 UTC 2025
Fake commit at Thu May  8 09:19:20 UTC 2025
Fake commit at Thu May  8 13:32:07 UTC 2025
Fake commit at Thu May  8 17:08:10 UTC 2025
Fake commit at Fri May  9 09:19:15 UTC 2025
Fake commit at Fri May  9 13:31:17 UTC 2025
Fake commit at Fri May  9 17:07:55 UTC 2025
Fake commit at Sat May 10 09:16:38 UTC 2025
Fake commit at Sat May 10 13:26:44 UTC 2025
Fake commit at Sat May 10 17:06:54 UTC 2025
Fake commit at Sun May 11 09:17:04 UTC 2025
Fake commit at Sun May 11 13:26:42 UTC 2025
Fake commit at Sun May 11 17:06:46 UTC 2025
Fake commit at Mon May 12 09:20:27 UTC 2025
Fake commit at Mon May 12 13:34:00 UTC 2025
Fake commit at Mon May 12 17:08:10 UTC 2025
Fake commit at Tue May 13 09:19:53 UTC 2025
Fake commit at Tue May 13 13:34:32 UTC 2025
Fake commit at Tue May 13 17:08:45 UTC 2025
Fake commit at Wed May 14 09:19:32 UTC 2025
Fake commit at Wed May 14 13:32:58 UTC 2025
Fake commit at Wed May 14 17:08:20 UTC 2025
Fake commit at Thu May 15 09:19:45 UTC 2025
Fake commit at Thu May 15 13:31:51 UTC 2025
Fake commit at Thu May 15 17:08:15 UTC 2025
Fake commit at Fri May 16 09:19:18 UTC 2025
Fake commit at Fri May 16 13:32:29 UTC 2025
Fake commit at Fri May 16 17:07:06 UTC 2025
Fake commit at Sat May 17 09:17:18 UTC 2025
Fake commit at Sat May 17 13:27:05 UTC 2025
Fake commit at Sat May 17 17:06:49 UTC 2025
Fake commit at Sun May 18 09:17:13 UTC 2025
Fake commit at Sun May 18 13:27:31 UTC 2025
Fake commit at Sun May 18 17:07:06 UTC 2025
Fake commit at Mon May 19 09:20:39 UTC 2025
Fake commit at Mon May 19 13:33:58 UTC 2025
Fake commit at Mon May 19 17:08:18 UTC 2025
Fake commit at Tue May 20 09:20:06 UTC 2025
Fake commit at Tue May 20 13:34:28 UTC 2025
Fake commit at Tue May 20 17:08:18 UTC 2025
Fake commit at Wed May 21 09:20:08 UTC 2025
Fake commit at Wed May 21 13:33:35 UTC 2025
Fake commit at Wed May 21 17:08:18 UTC 2025
Fake commit at Thu May 22 09:19:41 UTC 2025
Fake commit at Thu May 22 13:33:33 UTC 2025
Fake commit at Thu May 22 17:08:08 UTC 2025
Fake commit at Fri May 23 09:19:30 UTC 2025
Fake commit at Fri May 23 13:31:55 UTC 2025
Fake commit at Fri May 23 17:08:27 UTC 2025
Fake commit at Sat May 24 09:17:01 UTC 2025
Fake commit at Sat May 24 13:28:37 UTC 2025
Fake commit at Sat May 24 17:07:00 UTC 2025
Fake commit at Sun May 25 09:17:02 UTC 2025
Fake commit at Sun May 25 13:27:30 UTC 2025
Fake commit at Sun May 25 17:06:49 UTC 2025
Fake commit at Mon May 26 09:43:45 UTC 2025
Fake commit at Mon May 26 13:31:04 UTC 2025
Fake commit at Mon May 26 17:07:44 UTC 2025
Fake commit at Tue May 27 09:19:21 UTC 2025
Fake commit at Tue May 27 13:34:22 UTC 2025
Fake commit at Tue May 27 17:08:21 UTC 2025
Fake commit at Wed May 28 09:19:47 UTC 2025
Fake commit at Wed May 28 13:34:28 UTC 2025
Fake commit at Wed May 28 17:08:42 UTC 2025
Fake commit at Thu May 29 09:19:42 UTC 2025
Fake commit at Thu May 29 13:32:40 UTC 2025
Fake commit at Thu May 29 17:08:19 UTC 2025
Fake commit at Fri May 30 09:19:13 UTC 2025
Fake commit at Fri May 30 13:32:38 UTC 2025
Fake commit at Fri May 30 17:08:25 UTC 2025
Fake commit at Sat May 31 09:17:41 UTC 2025
Fake commit at Sat May 31 13:29:51 UTC 2025
Fake commit at Sat May 31 17:06:59 UTC 2025
Fake commit at Sun Jun  1 09:17:33 UTC 2025
Fake commit at Sun Jun  1 13:29:08 UTC 2025
Fake commit at Sun Jun  1 17:07:27 UTC 2025
Fake commit at Mon Jun  2 09:20:37 UTC 2025
Fake commit at Mon Jun  2 13:34:33 UTC 2025
Fake commit at Mon Jun  2 17:09:27 UTC 2025
Fake commit at Tue Jun  3 09:20:24 UTC 2025
Fake commit at Tue Jun  3 13:35:25 UTC 2025
Fake commit at Tue Jun  3 17:09:26 UTC 2025
Fake commit at Wed Jun  4 09:19:58 UTC 2025
Fake commit at Wed Jun  4 13:36:17 UTC 2025
Fake commit at Wed Jun  4 17:08:23 UTC 2025
Fake commit at Thu Jun  5 09:19:51 UTC 2025
Fake commit at Thu Jun  5 13:34:28 UTC 2025
Fake commit at Thu Jun  5 17:07:09 UTC 2025
Fake commit at Fri Jun  6 09:19:50 UTC 2025
Fake commit at Fri Jun  6 13:33:28 UTC 2025
Fake commit at Fri Jun  6 17:08:49 UTC 2025
Fake commit at Sat Jun  7 09:17:43 UTC 2025
Fake commit at Sat Jun  7 13:28:28 UTC 2025
Fake commit at Sat Jun  7 17:07:23 UTC 2025
Fake commit at Sun Jun  8 09:17:53 UTC 2025
Fake commit at Sun Jun  8 13:28:50 UTC 2025
Fake commit at Sun Jun  8 17:07:23 UTC 2025
Fake commit at Mon Jun  9 09:20:43 UTC 2025
Fake commit at Mon Jun  9 13:34:29 UTC 2025
Fake commit at Mon Jun  9 17:08:44 UTC 2025
Fake commit at Tue Jun 10 09:20:03 UTC 2025
Fake commit at Tue Jun 10 13:35:20 UTC 2025
Fake commit at Tue Jun 10 17:08:27 UTC 2025
Fake commit at Wed Jun 11 09:20:20 UTC 2025
Fake commit at Wed Jun 11 13:35:06 UTC 2025
Fake commit at Wed Jun 11 17:08:41 UTC 2025
Fake commit at Thu Jun 12 09:19:36 UTC 2025
Fake commit at Thu Jun 12 13:34:58 UTC 2025
Fake commit at Thu Jun 12 17:09:02 UTC 2025
Fake commit at Fri Jun 13 09:20:02 UTC 2025
Fake commit at Fri Jun 13 13:33:34 UTC 2025
Fake commit at Fri Jun 13 17:08:16 UTC 2025
Fake commit at Sat Jun 14 09:18:26 UTC 2025
Fake commit at Sat Jun 14 13:29:09 UTC 2025
Fake commit at Sat Jun 14 17:07:03 UTC 2025
Fake commit at Sun Jun 15 09:18:23 UTC 2025
Fake commit at Sun Jun 15 13:29:11 UTC 2025
Fake commit at Sun Jun 15 17:07:35 UTC 2025
Fake commit at Mon Jun 16 09:21:41 UTC 2025
Fake commit at Mon Jun 16 13:35:55 UTC 2025
Fake commit at Mon Jun 16 17:09:14 UTC 2025
Fake commit at Tue Jun 17 09:20:48 UTC 2025
Fake commit at Tue Jun 17 13:34:26 UTC 2025
Fake commit at Tue Jun 17 17:09:34 UTC 2025
Fake commit at Wed Jun 18 09:20:45 UTC 2025
Fake commit at Wed Jun 18 13:35:36 UTC 2025
Fake commit at Wed Jun 18 17:10:37 UTC 2025
Fake commit at Thu Jun 19 09:20:06 UTC 2025
Fake commit at Thu Jun 19 13:33:46 UTC 2025
Fake commit at Thu Jun 19 17:08:03 UTC 2025
Fake commit at Fri Jun 20 09:19:38 UTC 2025
Fake commit at Fri Jun 20 13:33:09 UTC 2025
Fake commit at Fri Jun 20 17:08:16 UTC 2025
Fake commit at Sat Jun 21 09:17:44 UTC 2025
Fake commit at Sat Jun 21 13:29:25 UTC 2025
Fake commit at Sat Jun 21 17:07:09 UTC 2025
Fake commit at Sun Jun 22 09:18:11 UTC 2025
Fake commit at Sun Jun 22 13:29:18 UTC 2025
Fake commit at Sun Jun 22 17:07:28 UTC 2025
Fake commit at Mon Jun 23 09:22:38 UTC 2025
Fake commit at Mon Jun 23 13:37:08 UTC 2025
Fake commit at Mon Jun 23 17:09:24 UTC 2025
Fake commit at Tue Jun 24 09:21:07 UTC 2025
Fake commit at Tue Jun 24 13:35:47 UTC 2025
Fake commit at Tue Jun 24 17:10:26 UTC 2025
Fake commit at Wed Jun 25 09:22:03 UTC 2025
Fake commit at Wed Jun 25 13:36:43 UTC 2025
Fake commit at Wed Jun 25 17:09:53 UTC 2025
Fake commit at Thu Jun 26 09:20:23 UTC 2025
Fake commit at Thu Jun 26 13:34:50 UTC 2025
Fake commit at Thu Jun 26 17:09:25 UTC 2025
Fake commit at Fri Jun 27 09:19:55 UTC 2025
Fake commit at Fri Jun 27 13:33:09 UTC 2025
Fake commit at Fri Jun 27 17:08:17 UTC 2025
Fake commit at Sat Jun 28 09:19:35 UTC 2025
Fake commit at Sat Jun 28 13:29:32 UTC 2025
Fake commit at Sat Jun 28 17:07:31 UTC 2025
Fake commit at Sun Jun 29 09:18:17 UTC 2025
Fake commit at Sun Jun 29 13:30:05 UTC 2025
Fake commit at Sun Jun 29 17:07:46 UTC 2025
Fake commit at Mon Jun 30 09:22:17 UTC 2025
Fake commit at Mon Jun 30 13:35:16 UTC 2025
Fake commit at Mon Jun 30 17:08:53 UTC 2025
Fake commit at Tue Jul  1 09:22:08 UTC 2025
Fake commit at Tue Jul  1 13:35:22 UTC 2025
Fake commit at Tue Jul  1 17:09:24 UTC 2025
Fake commit at Wed Jul  2 09:21:53 UTC 2025
Fake commit at Wed Jul  2 13:34:42 UTC 2025
Fake commit at Wed Jul  2 17:09:25 UTC 2025
Fake commit at Thu Jul  3 09:20:44 UTC 2025
Fake commit at Thu Jul  3 13:34:03 UTC 2025
Fake commit at Thu Jul  3 17:10:14 UTC 2025
Fake commit at Fri Jul  4 09:20:21 UTC 2025
Fake commit at Fri Jul  4 13:33:26 UTC 2025
Fake commit at Fri Jul  4 17:08:05 UTC 2025
Fake commit at Sat Jul  5 09:17:59 UTC 2025
Fake commit at Sat Jul  5 13:29:53 UTC 2025
Fake commit at Sat Jul  5 17:07:50 UTC 2025
Fake commit at Sun Jul  6 09:17:45 UTC 2025
Fake commit at Sun Jul  6 13:30:19 UTC 2025
Fake commit at Sun Jul  6 17:07:43 UTC 2025
Fake commit at Mon Jul  7 09:22:34 UTC 2025
Fake commit at Mon Jul  7 13:35:29 UTC 2025
Fake commit at Mon Jul  7 17:09:13 UTC 2025
Fake commit at Tue Jul  8 09:21:28 UTC 2025
Fake commit at Tue Jul  8 13:37:47 UTC 2025
Fake commit at Tue Jul  8 17:10:00 UTC 2025
Fake commit at Wed Jul  9 09:21:54 UTC 2025
Fake commit at Wed Jul  9 13:35:47 UTC 2025
Fake commit at Wed Jul  9 17:11:21 UTC 2025
Fake commit at Thu Jul 10 09:22:08 UTC 2025
Fake commit at Thu Jul 10 13:37:01 UTC 2025
Fake commit at Thu Jul 10 17:11:43 UTC 2025
Fake commit at Fri Jul 11 09:20:53 UTC 2025
Fake commit at Fri Jul 11 13:34:41 UTC 2025
Fake commit at Fri Jul 11 17:09:53 UTC 2025
Fake commit at Sat Jul 12 09:18:37 UTC 2025
Fake commit at Sat Jul 12 13:30:42 UTC 2025
Fake commit at Sat Jul 12 17:07:16 UTC 2025
Fake commit at Sun Jul 13 09:20:11 UTC 2025
Fake commit at Sun Jul 13 13:31:22 UTC 2025
Fake commit at Sun Jul 13 17:07:20 UTC 2025
Fake commit at Mon Jul 14 09:26:36 UTC 2025
Fake commit at Mon Jul 14 13:38:19 UTC 2025
Fake commit at Mon Jul 14 17:11:02 UTC 2025
Fake commit at Tue Jul 15 09:28:11 UTC 2025
Fake commit at Tue Jul 15 13:38:46 UTC 2025
Fake commit at Tue Jul 15 17:09:37 UTC 2025
Fake commit at Wed Jul 16 09:24:54 UTC 2025
Fake commit at Wed Jul 16 13:39:38 UTC 2025
Fake commit at Wed Jul 16 17:12:04 UTC 2025
Fake commit at Thu Jul 17 09:24:06 UTC 2025
Fake commit at Thu Jul 17 13:39:10 UTC 2025
Fake commit at Thu Jul 17 17:10:37 UTC 2025
Fake commit at Fri Jul 18 09:23:31 UTC 2025
Fake commit at Fri Jul 18 13:38:49 UTC 2025
Fake commit at Fri Jul 18 17:12:35 UTC 2025
Fake commit at Sat Jul 19 09:18:40 UTC 2025
Fake commit at Sat Jul 19 13:32:07 UTC 2025
Fake commit at Sat Jul 19 17:08:23 UTC 2025
Fake commit at Sun Jul 20 09:18:58 UTC 2025
Fake commit at Sun Jul 20 13:33:00 UTC 2025
Fake commit at Sun Jul 20 17:07:47 UTC 2025
Fake commit at Mon Jul 21 09:27:35 UTC 2025
Fake commit at Mon Jul 21 13:40:58 UTC 2025
Fake commit at Mon Jul 21 17:12:05 UTC 2025
Fake commit at Tue Jul 22 09:24:51 UTC 2025
Fake commit at Tue Jul 22 13:40:29 UTC 2025
Fake commit at Tue Jul 22 17:12:25 UTC 2025
Fake commit at Wed Jul 23 09:26:20 UTC 2025
Fake commit at Wed Jul 23 13:40:35 UTC 2025
Fake commit at Wed Jul 23 17:12:58 UTC 2025
Fake commit at Thu Jul 24 09:24:15 UTC 2025
Fake commit at Thu Jul 24 13:40:39 UTC 2025
Fake commit at Thu Jul 24 17:10:53 UTC 2025
Fake commit at Fri Jul 25 09:23:22 UTC 2025
Fake commit at Fri Jul 25 13:38:30 UTC 2025
Fake commit at Fri Jul 25 17:11:10 UTC 2025
Fake commit at Sat Jul 26 09:19:06 UTC 2025
Fake commit at Sat Jul 26 13:34:10 UTC 2025
Fake commit at Sat Jul 26 17:07:59 UTC 2025
Fake commit at Sun Jul 27 09:19:38 UTC 2025
Fake commit at Sun Jul 27 13:32:57 UTC 2025
Fake commit at Sun Jul 27 17:07:49 UTC 2025
Fake commit at Mon Jul 28 09:27:11 UTC 2025
Fake commit at Mon Jul 28 13:41:47 UTC 2025
Fake commit at Mon Jul 28 17:13:43 UTC 2025
Fake commit at Tue Jul 29 09:25:41 UTC 2025
Fake commit at Tue Jul 29 13:43:20 UTC 2025
Fake commit at Tue Jul 29 17:13:34 UTC 2025
Fake commit at Wed Jul 30 09:27:13 UTC 2025
Fake commit at Wed Jul 30 13:42:36 UTC 2025
Fake commit at Wed Jul 30 17:11:44 UTC 2025
Fake commit at Thu Jul 31 09:25:52 UTC 2025
Fake commit at Thu Jul 31 13:40:38 UTC 2025
Fake commit at Thu Jul 31 17:12:38 UTC 2025
Fake commit at Fri Aug  1 09:25:22 UTC 2025
Fake commit at Fri Aug  1 13:40:10 UTC 2025
Fake commit at Fri Aug  1 17:13:22 UTC 2025
Fake commit at Sat Aug  2 09:21:42 UTC 2025
Fake commit at Sat Aug  2 13:32:51 UTC 2025
Fake commit at Sat Aug  2 17:08:10 UTC 2025
Fake commit at Sun Aug  3 09:19:20 UTC 2025
Fake commit at Sun Aug  3 13:34:35 UTC 2025
Fake commit at Sun Aug  3 17:09:05 UTC 2025
Fake commit at Mon Aug  4 09:30:50 UTC 2025
Fake commit at Mon Aug  4 13:45:10 UTC 2025
Fake commit at Mon Aug  4 17:15:44 UTC 2025
Fake commit at Tue Aug  5 09:26:23 UTC 2025
Fake commit at Tue Aug  5 13:44:31 UTC 2025
Fake commit at Tue Aug  5 17:10:06 UTC 2025
Fake commit at Wed Aug  6 09:27:12 UTC 2025
Fake commit at Wed Aug  6 13:45:34 UTC 2025
Fake commit at Wed Aug  6 17:14:05 UTC 2025
Fake commit at Thu Aug  7 09:26:04 UTC 2025
Fake commit at Thu Aug  7 13:42:56 UTC 2025
Fake commit at Thu Aug  7 17:12:58 UTC 2025
Fake commit at Fri Aug  8 09:26:10 UTC 2025
Fake commit at Fri Aug  8 13:41:03 UTC 2025
Fake commit at Fri Aug  8 17:08:07 UTC 2025
Fake commit at Sat Aug  9 09:18:45 UTC 2025
Fake commit at Sat Aug  9 13:31:33 UTC 2025
Fake commit at Sat Aug  9 17:07:40 UTC 2025
Fake commit at Sun Aug 10 09:19:04 UTC 2025
Fake commit at Sun Aug 10 13:31:55 UTC 2025
Fake commit at Sun Aug 10 17:07:39 UTC 2025
Fake commit at Mon Aug 11 09:25:35 UTC 2025
Fake commit at Mon Aug 11 13:40:14 UTC 2025
Fake commit at Mon Aug 11 17:11:27 UTC 2025
Fake commit at Tue Aug 12 09:21:56 UTC 2025
Fake commit at Tue Aug 12 13:36:23 UTC 2025
Fake commit at Tue Aug 12 17:10:22 UTC 2025
Fake commit at Wed Aug 13 09:22:05 UTC 2025
Fake commit at Wed Aug 13 13:37:28 UTC 2025
Fake commit at Wed Aug 13 17:07:39 UTC 2025
Fake commit at Thu Aug 14 09:22:31 UTC 2025
Fake commit at Thu Aug 14 13:37:36 UTC 2025
Fake commit at Thu Aug 14 17:09:03 UTC 2025
Fake commit at Fri Aug 15 09:20:08 UTC 2025
Fake commit at Fri Aug 15 13:32:57 UTC 2025
Fake commit at Fri Aug 15 17:08:13 UTC 2025
Fake commit at Sat Aug 16 09:18:22 UTC 2025
Fake commit at Sat Aug 16 13:28:59 UTC 2025
Fake commit at Sat Aug 16 17:07:18 UTC 2025
Fake commit at Sun Aug 17 09:18:11 UTC 2025
Fake commit at Sun Aug 17 13:30:21 UTC 2025
Fake commit at Sun Aug 17 17:07:32 UTC 2025
Fake commit at Mon Aug 18 09:24:59 UTC 2025
Fake commit at Mon Aug 18 13:38:02 UTC 2025
Fake commit at Mon Aug 18 17:10:36 UTC 2025
Fake commit at Tue Aug 19 09:19:32 UTC 2025
Fake commit at Tue Aug 19 13:32:33 UTC 2025
Fake commit at Tue Aug 19 17:08:35 UTC 2025
Fake commit at Wed Aug 20 09:19:57 UTC 2025
Fake commit at Wed Aug 20 13:32:33 UTC 2025
Fake commit at Wed Aug 20 17:08:15 UTC 2025
Fake commit at Thu Aug 21 09:19:44 UTC 2025
Fake commit at Thu Aug 21 13:32:44 UTC 2025
Fake commit at Fri Aug 22 06:25:07 UTC 2025
Fake commit at Fri Aug 22 09:19:28 UTC 2025
Fake commit at Fri Aug 22 13:30:59 UTC 2025
Fake commit at Fri Aug 22 17:07:49 UTC 2025
Fake commit at Sat Aug 23 09:16:55 UTC 2025
Fake commit at Sat Aug 23 13:26:53 UTC 2025
Fake commit at Sat Aug 23 17:06:48 UTC 2025
Fake commit at Sun Aug 24 09:16:54 UTC 2025
Fake commit at Sun Aug 24 13:27:41 UTC 2025
Fake commit at Sun Aug 24 17:07:22 UTC 2025
Fake commit at Mon Aug 25 09:20:38 UTC 2025
Fake commit at Mon Aug 25 13:32:55 UTC 2025
Fake commit at Mon Aug 25 17:06:44 UTC 2025
Fake commit at Tue Aug 26 09:20:05 UTC 2025
Fake commit at Tue Aug 26 13:34:29 UTC 2025
Fake commit at Tue Aug 26 17:08:06 UTC 2025
Fake commit at Wed Aug 27 09:19:05 UTC 2025
Fake commit at Wed Aug 27 13:30:13 UTC 2025
Fake commit at Wed Aug 27 17:07:51 UTC 2025
Fake commit at Thu Aug 28 09:18:55 UTC 2025
Fake commit at Thu Aug 28 13:31:03 UTC 2025
Fake commit at Thu Aug 28 17:08:03 UTC 2025
Fake commit at Fri Aug 29 09:18:45 UTC 2025
Fake commit at Fri Aug 29 13:29:05 UTC 2025
Fake commit at Fri Aug 29 17:07:57 UTC 2025
Fake commit at Sat Aug 30 09:16:08 UTC 2025
Fake commit at Sat Aug 30 13:24:05 UTC 2025
Fake commit at Sat Aug 30 17:06:46 UTC 2025
Fake commit at Sun Aug 31 09:15:59 UTC 2025
Fake commit at Sun Aug 31 13:24:58 UTC 2025
Fake commit at Sun Aug 31 17:06:54 UTC 2025
Fake commit at Mon Sep  1 09:21:29 UTC 2025
Fake commit at Mon Sep  1 13:30:41 UTC 2025
Fake commit at Mon Sep  1 17:07:29 UTC 2025
Fake commit at Tue Sep  2 09:19:40 UTC 2025
Fake commit at Tue Sep  2 13:32:02 UTC 2025
Fake commit at Tue Sep  2 17:07:57 UTC 2025
Fake commit at Wed Sep  3 09:18:18 UTC 2025
Fake commit at Wed Sep  3 13:29:48 UTC 2025
Fake commit at Wed Sep  3 17:07:57 UTC 2025
Fake commit at Thu Sep  4 09:18:07 UTC 2025
Fake commit at Thu Sep  4 13:29:40 UTC 2025
Fake commit at Thu Sep  4 17:07:52 UTC 2025
Fake commit at Fri Sep  5 09:18:22 UTC 2025
Fake commit at Fri Sep  5 13:28:52 UTC 2025
Fake commit at Fri Sep  5 17:07:53 UTC 2025
Fake commit at Sat Sep  6 09:15:30 UTC 2025
Fake commit at Sat Sep  6 13:21:52 UTC 2025
Fake commit at Sat Sep  6 17:05:18 UTC 2025
Fake commit at Sun Sep  7 09:15:40 UTC 2025
Fake commit at Sun Sep  7 13:22:07 UTC 2025
Fake commit at Sun Sep  7 17:06:24 UTC 2025
Fake commit at Mon Sep  8 09:20:46 UTC 2025
Fake commit at Mon Sep  8 13:32:08 UTC 2025
Fake commit at Mon Sep  8 17:08:16 UTC 2025
Fake commit at Tue Sep  9 09:19:22 UTC 2025
Fake commit at Tue Sep  9 13:33:32 UTC 2025
Fake commit at Tue Sep  9 17:07:26 UTC 2025
Fake commit at Wed Sep 10 09:18:25 UTC 2025
Fake commit at Wed Sep 10 13:28:52 UTC 2025
Fake commit at Wed Sep 10 17:07:32 UTC 2025
Fake commit at Thu Sep 11 09:18:14 UTC 2025
Fake commit at Thu Sep 11 13:25:56 UTC 2025
Fake commit at Thu Sep 11 17:07:21 UTC 2025
Fake commit at Fri Sep 12 09:17:46 UTC 2025
Fake commit at Fri Sep 12 13:27:58 UTC 2025
Fake commit at Fri Sep 12 17:07:15 UTC 2025
Fake commit at Sat Sep 13 09:15:15 UTC 2025
Fake commit at Sat Sep 13 13:21:37 UTC 2025
Fake commit at Sat Sep 13 17:04:57 UTC 2025
Fake commit at Sun Sep 14 09:15:24 UTC 2025
Fake commit at Sun Sep 14 13:21:02 UTC 2025
Fake commit at Sun Sep 14 17:05:46 UTC 2025
Fake commit at Mon Sep 15 09:20:38 UTC 2025
Fake commit at Mon Sep 15 13:28:58 UTC 2025
Fake commit at Mon Sep 15 17:07:54 UTC 2025
Fake commit at Tue Sep 16 09:19:32 UTC 2025
Fake commit at Tue Sep 16 13:30:54 UTC 2025
Fake commit at Tue Sep 16 17:07:50 UTC 2025
Fake commit at Wed Sep 17 09:18:44 UTC 2025
Fake commit at Wed Sep 17 13:29:35 UTC 2025
Fake commit at Wed Sep 17 17:07:33 UTC 2025
Fake commit at Thu Sep 18 09:18:38 UTC 2025
Fake commit at Thu Sep 18 13:29:18 UTC 2025
Fake commit at Thu Sep 18 17:07:44 UTC 2025
Fake commit at Fri Sep 19 09:19:27 UTC 2025
Fake commit at Fri Sep 19 13:30:10 UTC 2025
Fake commit at Fri Sep 19 17:07:34 UTC 2025
Fake commit at Sat Sep 20 09:16:42 UTC 2025
Fake commit at Sat Sep 20 13:23:36 UTC 2025
Fake commit at Sat Sep 20 17:05:56 UTC 2025
Fake commit at Sun Sep 21 09:15:26 UTC 2025
Fake commit at Sun Sep 21 13:23:37 UTC 2025
Fake commit at Sun Sep 21 17:07:09 UTC 2025
Fake commit at Mon Sep 22 09:21:30 UTC 2025
Fake commit at Mon Sep 22 13:31:03 UTC 2025
Fake commit at Mon Sep 22 17:08:08 UTC 2025
Fake commit at Tue Sep 23 09:19:13 UTC 2025
Fake commit at Tue Sep 23 13:30:44 UTC 2025
Fake commit at Tue Sep 23 17:06:14 UTC 2025
Fake commit at Wed Sep 24 09:19:22 UTC 2025
Fake commit at Wed Sep 24 13:30:41 UTC 2025
Fake commit at Wed Sep 24 17:08:00 UTC 2025
Fake commit at Thu Sep 25 09:18:49 UTC 2025
Fake commit at Thu Sep 25 13:31:29 UTC 2025
Fake commit at Thu Sep 25 17:07:47 UTC 2025
Fake commit at Fri Sep 26 09:19:24 UTC 2025
Fake commit at Fri Sep 26 13:29:29 UTC 2025
Fake commit at Fri Sep 26 17:07:29 UTC 2025
Fake commit at Sat Sep 27 09:15:19 UTC 2025
Fake commit at Sat Sep 27 13:22:31 UTC 2025
Fake commit at Sat Sep 27 17:06:23 UTC 2025
Fake commit at Sun Sep 28 09:15:27 UTC 2025
Fake commit at Sun Sep 28 13:23:30 UTC 2025
Fake commit at Sun Sep 28 17:06:57 UTC 2025
Fake commit at Mon Sep 29 09:21:01 UTC 2025
Fake commit at Mon Sep 29 13:31:25 UTC 2025
Fake commit at Mon Sep 29 17:08:39 UTC 2025
Fake commit at Tue Sep 30 09:18:50 UTC 2025
Fake commit at Tue Sep 30 13:31:17 UTC 2025
Fake commit at Tue Sep 30 17:07:57 UTC 2025
Fake commit at Wed Oct  1 09:19:47 UTC 2025
Fake commit at Wed Oct  1 13:31:30 UTC 2025
Fake commit at Wed Oct  1 17:07:55 UTC 2025
Fake commit at Thu Oct  2 09:18:25 UTC 2025
Fake commit at Thu Oct  2 13:29:07 UTC 2025
Fake commit at Thu Oct  2 17:06:25 UTC 2025
Fake commit at Fri Oct  3 09:17:54 UTC 2025
Fake commit at Fri Oct  3 13:27:56 UTC 2025
Fake commit at Fri Oct  3 17:07:24 UTC 2025
Fake commit at Sat Oct  4 09:15:43 UTC 2025
Fake commit at Sat Oct  4 13:22:05 UTC 2025
Fake commit at Sat Oct  4 17:06:54 UTC 2025
Fake commit at Sun Oct  5 09:15:01 UTC 2025
Fake commit at Sun Oct  5 13:22:59 UTC 2025
Fake commit at Sun Oct  5 17:07:02 UTC 2025
Fake commit at Mon Oct  6 09:21:44 UTC 2025
Fake commit at Mon Oct  6 13:31:00 UTC 2025
Fake commit at Mon Oct  6 17:08:19 UTC 2025
Fake commit at Tue Oct  7 09:19:03 UTC 2025
Fake commit at Tue Oct  7 13:31:18 UTC 2025
Fake commit at Tue Oct  7 17:07:53 UTC 2025
Fake commit at Wed Oct  8 09:19:12 UTC 2025
Fake commit at Wed Oct  8 13:31:38 UTC 2025
Fake commit at Wed Oct  8 17:07:46 UTC 2025
Fake commit at Thu Oct  9 09:18:42 UTC 2025
Fake commit at Thu Oct  9 13:32:11 UTC 2025
Fake commit at Thu Oct  9 17:08:18 UTC 2025
Fake commit at Fri Oct 10 09:19:30 UTC 2025
Fake commit at Fri Oct 10 13:30:16 UTC 2025
Fake commit at Fri Oct 10 17:08:18 UTC 2025
Fake commit at Sat Oct 11 09:15:57 UTC 2025
Fake commit at Sat Oct 11 13:23:23 UTC 2025
Fake commit at Sat Oct 11 17:06:51 UTC 2025
Fake commit at Sun Oct 12 09:16:05 UTC 2025
Fake commit at Sun Oct 12 13:23:44 UTC 2025
Fake commit at Sun Oct 12 17:07:01 UTC 2025
Fake commit at Mon Oct 13 09:21:39 UTC 2025
Fake commit at Mon Oct 13 13:32:05 UTC 2025
Fake commit at Mon Oct 13 17:07:50 UTC 2025
Fake commit at Tue Oct 14 09:19:51 UTC 2025
Fake commit at Tue Oct 14 13:32:29 UTC 2025
Fake commit at Tue Oct 14 17:08:37 UTC 2025
Fake commit at Wed Oct 15 09:19:39 UTC 2025
Fake commit at Wed Oct 15 13:34:03 UTC 2025
Fake commit at Wed Oct 15 17:08:21 UTC 2025
Fake commit at Thu Oct 16 09:20:11 UTC 2025
Fake commit at Thu Oct 16 13:33:33 UTC 2025
Fake commit at Thu Oct 16 17:08:01 UTC 2025
Fake commit at Fri Oct 17 09:19:47 UTC 2025
Fake commit at Fri Oct 17 13:30:29 UTC 2025
Fake commit at Fri Oct 17 17:07:37 UTC 2025
Fake commit at Sat Oct 18 09:16:44 UTC 2025
Fake commit at Sat Oct 18 13:24:34 UTC 2025
Fake commit at Sat Oct 18 17:06:43 UTC 2025
Fake commit at Sun Oct 19 09:16:10 UTC 2025
Fake commit at Sun Oct 19 13:24:27 UTC 2025
Fake commit at Sun Oct 19 17:07:22 UTC 2025
Fake commit at Mon Oct 20 09:21:16 UTC 2025
Fake commit at Mon Oct 20 13:31:41 UTC 2025
Fake commit at Mon Oct 20 17:07:57 UTC 2025
Fake commit at Tue Oct 21 09:19:48 UTC 2025
Fake commit at Tue Oct 21 13:35:32 UTC 2025
Fake commit at Tue Oct 21 17:08:54 UTC 2025
Fake commit at Wed Oct 22 09:20:49 UTC 2025
Fake commit at Wed Oct 22 13:35:12 UTC 2025
Fake commit at Wed Oct 22 17:09:01 UTC 2025
Fake commit at Thu Oct 23 09:20:06 UTC 2025
Fake commit at Thu Oct 23 13:34:05 UTC 2025
Fake commit at Thu Oct 23 17:08:08 UTC 2025
Fake commit at Fri Oct 24 09:19:59 UTC 2025
Fake commit at Fri Oct 24 13:32:50 UTC 2025
Fake commit at Fri Oct 24 17:08:15 UTC 2025
Fake commit at Sat Oct 25 09:16:24 UTC 2025
Fake commit at Sat Oct 25 13:24:49 UTC 2025
Fake commit at Sat Oct 25 17:07:19 UTC 2025
Fake commit at Sun Oct 26 09:16:22 UTC 2025
Fake commit at Sun Oct 26 13:25:38 UTC 2025
Fake commit at Sun Oct 26 17:07:20 UTC 2025
Fake commit at Mon Oct 27 09:22:45 UTC 2025
Fake commit at Mon Oct 27 13:33:54 UTC 2025
Fake commit at Mon Oct 27 17:08:21 UTC 2025
Fake commit at Tue Oct 28 09:19:52 UTC 2025
Fake commit at Tue Oct 28 13:32:48 UTC 2025
Fake commit at Tue Oct 28 17:09:10 UTC 2025
Fake commit at Wed Oct 29 09:19:18 UTC 2025
Fake commit at Wed Oct 29 13:35:07 UTC 2025
Fake commit at Wed Oct 29 17:09:31 UTC 2025
Fake commit at Thu Oct 30 09:20:04 UTC 2025
Fake commit at Thu Oct 30 13:33:11 UTC 2025
Fake commit at Thu Oct 30 17:08:53 UTC 2025
Fake commit at Fri Oct 31 09:20:10 UTC 2025
Fake commit at Fri Oct 31 13:32:04 UTC 2025
Fake commit at Fri Oct 31 17:09:09 UTC 2025
Fake commit at Sat Nov  1 09:17:16 UTC 2025
Fake commit at Sat Nov  1 13:25:23 UTC 2025
Fake commit at Sat Nov  1 17:06:57 UTC 2025
Fake commit at Sun Nov  2 09:16:11 UTC 2025
Fake commit at Sun Nov  2 13:24:41 UTC 2025
Fake commit at Sun Nov  2 17:07:22 UTC 2025
Fake commit at Mon Nov  3 09:22:40 UTC 2025
Fake commit at Mon Nov  3 13:33:02 UTC 2025
Fake commit at Mon Nov  3 17:08:57 UTC 2025
Fake commit at Tue Nov  4 09:21:19 UTC 2025
Fake commit at Tue Nov  4 13:35:46 UTC 2025
Fake commit at Tue Nov  4 17:07:40 UTC 2025
Fake commit at Wed Nov  5 09:20:35 UTC 2025
Fake commit at Wed Nov  5 13:34:21 UTC 2025
Fake commit at Wed Nov  5 17:09:37 UTC 2025
Fake commit at Thu Nov  6 09:20:03 UTC 2025
Fake commit at Thu Nov  6 13:33:33 UTC 2025
Fake commit at Thu Nov  6 17:10:21 UTC 2025
Fake commit at Fri Nov  7 09:19:06 UTC 2025
Fake commit at Fri Nov  7 13:30:17 UTC 2025
Fake commit at Fri Nov  7 17:08:22 UTC 2025
Fake commit at Sat Nov  8 09:16:56 UTC 2025
Fake commit at Sat Nov  8 13:26:05 UTC 2025
Fake commit at Sat Nov  8 17:07:07 UTC 2025
Fake commit at Sun Nov  9 09:16:37 UTC 2025
Fake commit at Sun Nov  9 13:25:37 UTC 2025
Fake commit at Sun Nov  9 17:07:05 UTC 2025
Fake commit at Mon Nov 10 09:22:26 UTC 2025
Fake commit at Mon Nov 10 13:33:30 UTC 2025
Fake commit at Mon Nov 10 17:09:12 UTC 2025
Fake commit at Tue Nov 11 09:21:15 UTC 2025
Fake commit at Tue Nov 11 13:33:15 UTC 2025
Fake commit at Tue Nov 11 17:08:51 UTC 2025
Fake commit at Wed Nov 12 09:20:54 UTC 2025
Fake commit at Wed Nov 12 13:34:44 UTC 2025
Fake commit at Wed Nov 12 17:10:39 UTC 2025
Fake commit at Thu Nov 13 09:21:23 UTC 2025
Fake commit at Thu Nov 13 13:35:01 UTC 2025
Fake commit at Thu Nov 13 17:10:48 UTC 2025
Fake commit at Fri Nov 14 09:20:28 UTC 2025
Fake commit at Fri Nov 14 13:32:04 UTC 2025
Fake commit at Fri Nov 14 17:08:36 UTC 2025
Fake commit at Sat Nov 15 09:17:23 UTC 2025
Fake commit at Sat Nov 15 13:26:30 UTC 2025
Fake commit at Sat Nov 15 17:06:54 UTC 2025
Fake commit at Sun Nov 16 09:17:42 UTC 2025
Fake commit at Sun Nov 16 13:26:24 UTC 2025
Fake commit at Sun Nov 16 17:07:31 UTC 2025
Fake commit at Mon Nov 17 09:23:57 UTC 2025
Fake commit at Mon Nov 17 13:34:05 UTC 2025
Fake commit at Mon Nov 17 17:09:26 UTC 2025
Fake commit at Tue Nov 18 09:21:07 UTC 2025
Fake commit at Tue Nov 18 13:34:06 UTC 2025
Fake commit at Tue Nov 18 17:10:23 UTC 2025
Fake commit at Wed Nov 19 09:21:22 UTC 2025
Fake commit at Wed Nov 19 13:33:58 UTC 2025
Fake commit at Wed Nov 19 17:08:57 UTC 2025
Fake commit at Thu Nov 20 09:20:08 UTC 2025
Fake commit at Thu Nov 20 13:32:38 UTC 2025
Fake commit at Thu Nov 20 17:08:48 UTC 2025
Fake commit at Fri Nov 21 09:19:56 UTC 2025
Fake commit at Fri Nov 21 13:30:42 UTC 2025
Fake commit at Fri Nov 21 17:08:34 UTC 2025
Fake commit at Sat Nov 22 09:17:44 UTC 2025
Fake commit at Sat Nov 22 13:25:43 UTC 2025
Fake commit at Sat Nov 22 17:07:07 UTC 2025
Fake commit at Sun Nov 23 09:17:48 UTC 2025
Fake commit at Sun Nov 23 13:25:45 UTC 2025
Fake commit at Sun Nov 23 17:07:24 UTC 2025
Fake commit at Mon Nov 24 09:23:54 UTC 2025
Fake commit at Mon Nov 24 13:35:27 UTC 2025
Fake commit at Mon Nov 24 17:09:15 UTC 2025
Fake commit at Tue Nov 25 09:22:23 UTC 2025
Fake commit at Tue Nov 25 13:36:18 UTC 2025
Fake commit at Tue Nov 25 17:10:53 UTC 2025
Fake commit at Wed Nov 26 09:21:51 UTC 2025
Fake commit at Wed Nov 26 13:36:43 UTC 2025
Fake commit at Wed Nov 26 17:09:07 UTC 2025
Fake commit at Thu Nov 27 09:21:42 UTC 2025
Fake commit at Thu Nov 27 13:34:04 UTC 2025
Fake commit at Thu Nov 27 17:08:19 UTC 2025
Fake commit at Fri Nov 28 09:19:53 UTC 2025
Fake commit at Fri Nov 28 13:32:40 UTC 2025
Fake commit at Fri Nov 28 17:08:15 UTC 2025
Fake commit at Sat Nov 29 09:18:28 UTC 2025
Fake commit at Sat Nov 29 13:28:47 UTC 2025
Fake commit at Sat Nov 29 17:07:38 UTC 2025
Fake commit at Sun Nov 30 09:18:02 UTC 2025
Fake commit at Sun Nov 30 13:28:55 UTC 2025
Fake commit at Sun Nov 30 17:07:48 UTC 2025
Fake commit at Mon Dec  1 09:27:30 UTC 2025
Fake commit at Mon Dec  1 13:37:44 UTC 2025
Fake commit at Mon Dec  1 17:12:07 UTC 2025
Fake commit at Tue Dec  2 09:25:36 UTC 2025
Fake commit at Tue Dec  2 13:39:18 UTC 2025
Fake commit at Tue Dec  2 17:13:52 UTC 2025
Fake commit at Wed Dec  3 09:23:38 UTC 2025
Fake commit at Wed Dec  3 13:38:32 UTC 2025
Fake commit at Wed Dec  3 17:13:50 UTC 2025
Fake commit at Thu Dec  4 09:24:04 UTC 2025
Fake commit at Thu Dec  4 13:38:52 UTC 2025
Fake commit at Thu Dec  4 17:13:35 UTC 2025
Fake commit at Fri Dec  5 09:20:44 UTC 2025
Fake commit at Fri Dec  5 13:34:32 UTC 2025
Fake commit at Fri Dec  5 17:10:17 UTC 2025
Fake commit at Sat Dec  6 09:18:53 UTC 2025
Fake commit at Sat Dec  6 13:29:23 UTC 2025
Fake commit at Sat Dec  6 17:07:33 UTC 2025
Fake commit at Sun Dec  7 09:18:18 UTC 2025
Fake commit at Sun Dec  7 13:28:03 UTC 2025
Fake commit at Sun Dec  7 17:07:20 UTC 2025
Fake commit at Mon Dec  8 09:27:31 UTC 2025
Fake commit at Mon Dec  8 13:37:18 UTC 2025
Fake commit at Mon Dec  8 17:11:16 UTC 2025
Fake commit at Tue Dec  9 09:23:19 UTC 2025
Fake commit at Tue Dec  9 13:38:25 UTC 2025
Fake commit at Tue Dec  9 17:11:13 UTC 2025
Fake commit at Wed Dec 10 09:23:43 UTC 2025
Fake commit at Wed Dec 10 13:39:45 UTC 2025
Fake commit at Wed Dec 10 17:13:06 UTC 2025
Fake commit at Thu Dec 11 09:25:06 UTC 2025
Fake commit at Thu Dec 11 13:41:59 UTC 2025
Fake commit at Thu Dec 11 17:17:01 UTC 2025
Fake commit at Fri Dec 12 09:24:18 UTC 2025
Fake commit at Fri Dec 12 13:37:07 UTC 2025
Fake commit at Fri Dec 12 17:09:37 UTC 2025
Fake commit at Sat Dec 13 09:18:59 UTC 2025
Fake commit at Sat Dec 13 13:29:35 UTC 2025
Fake commit at Sat Dec 13 17:07:32 UTC 2025
Fake commit at Sun Dec 14 09:19:18 UTC 2025
Fake commit at Sun Dec 14 13:29:44 UTC 2025
Fake commit at Sun Dec 14 17:07:36 UTC 2025
Fake commit at Mon Dec 15 09:30:53 UTC 2025
Fake commit at Mon Dec 15 13:43:01 UTC 2025
Fake commit at Mon Dec 15 17:16:02 UTC 2025
Fake commit at Tue Dec 16 09:25:39 UTC 2025
Fake commit at Tue Dec 16 13:40:58 UTC 2025
Fake commit at Tue Dec 16 17:14:59 UTC 2025
Fake commit at Wed Dec 17 09:26:46 UTC 2025
Fake commit at Wed Dec 17 13:35:27 UTC 2025
Fake commit at Wed Dec 17 17:14:19 UTC 2025
Fake commit at Thu Dec 18 09:26:11 UTC 2025
Fake commit at Thu Dec 18 13:39:02 UTC 2025
Fake commit at Thu Dec 18 17:14:32 UTC 2025
Fake commit at Fri Dec 19 09:23:57 UTC 2025
Fake commit at Fri Dec 19 13:35:32 UTC 2025
Fake commit at Fri Dec 19 17:10:12 UTC 2025
Fake commit at Sat Dec 20 09:18:56 UTC 2025
Fake commit at Sat Dec 20 13:29:51 UTC 2025
Fake commit at Sat Dec 20 17:07:27 UTC 2025
Fake commit at Sun Dec 21 09:19:26 UTC 2025
Fake commit at Sun Dec 21 13:30:22 UTC 2025
Fake commit at Sun Dec 21 17:08:25 UTC 2025
Fake commit at Mon Dec 22 09:27:29 UTC 2025
Fake commit at Mon Dec 22 13:36:26 UTC 2025
Fake commit at Mon Dec 22 17:09:54 UTC 2025
Fake commit at Tue Dec 23 09:24:38 UTC 2025
Fake commit at Tue Dec 23 13:38:27 UTC 2025
Fake commit at Tue Dec 23 17:11:21 UTC 2025
Fake commit at Wed Dec 24 09:23:47 UTC 2025
Fake commit at Wed Dec 24 13:34:05 UTC 2025
Fake commit at Wed Dec 24 17:08:37 UTC 2025
Fake commit at Thu Dec 25 09:22:23 UTC 2025
Fake commit at Thu Dec 25 13:34:26 UTC 2025
Fake commit at Thu Dec 25 17:09:02 UTC 2025
Fake commit at Fri Dec 26 09:21:34 UTC 2025
Fake commit at Fri Dec 26 13:34:47 UTC 2025
Fake commit at Fri Dec 26 17:08:38 UTC 2025
Fake commit at Sat Dec 27 09:19:50 UTC 2025
Fake commit at Sat Dec 27 13:30:44 UTC 2025
Fake commit at Sat Dec 27 17:07:45 UTC 2025
Fake commit at Sun Dec 28 09:19:47 UTC 2025
Fake commit at Sun Dec 28 13:31:55 UTC 2025
Fake commit at Sun Dec 28 17:08:32 UTC 2025
Fake commit at Mon Dec 29 09:29:05 UTC 2025
Fake commit at Mon Dec 29 13:39:47 UTC 2025
Fake commit at Mon Dec 29 17:09:15 UTC 2025
Fake commit at Tue Dec 30 09:24:44 UTC 2025
Fake commit at Tue Dec 30 13:38:16 UTC 2025
Fake commit at Tue Dec 30 17:11:55 UTC 2025
Fake commit at Wed Dec 31 09:24:13 UTC 2025
Fake commit at Wed Dec 31 13:34:56 UTC 2025
Fake commit at Wed Dec 31 17:08:48 UTC 2025
Fake commit at Thu Jan  1 09:24:18 UTC 2026
Fake commit at Thu Jan  1 13:35:29 UTC 2026
Fake commit at Thu Jan  1 17:10:38 UTC 2026
Fake commit at Fri Jan  2 09:23:52 UTC 2026
Fake commit at Fri Jan  2 13:35:04 UTC 2026
Fake commit at Fri Jan  2 17:09:19 UTC 2026
Fake commit at Sat Jan  3 09:19:42 UTC 2026
Fake commit at Sat Jan  3 13:31:31 UTC 2026
Fake commit at Sat Jan  3 17:08:19 UTC 2026
Fake commit at Sun Jan  4 09:18:55 UTC 2026
Fake commit at Sun Jan  4 13:32:01 UTC 2026
Fake commit at Sun Jan  4 17:08:43 UTC 2026
Fake commit at Mon Jan  5 09:30:48 UTC 2026
Fake commit at Mon Jan  5 13:43:23 UTC 2026
Fake commit at Mon Jan  5 17:13:35 UTC 2026
Fake commit at Tue Jan  6 09:25:51 UTC 2026
Fake commit at Tue Jan  6 13:40:10 UTC 2026
Fake commit at Tue Jan  6 17:14:09 UTC 2026
Fake commit at Wed Jan  7 09:27:20 UTC 2026
Fake commit at Wed Jan  7 13:42:07 UTC 2026
Fake commit at Wed Jan  7 17:16:07 UTC 2026
Fake commit at Thu Jan  8 09:27:28 UTC 2026
Fake commit at Thu Jan  8 13:43:10 UTC 2026
Fake commit at Thu Jan  8 17:17:41 UTC 2026
Fake commit at Fri Jan  9 09:27:06 UTC 2026
Fake commit at Fri Jan  9 13:40:21 UTC 2026
Fake commit at Fri Jan  9 17:14:26 UTC 2026
Fake commit at Sat Jan 10 09:19:23 UTC 2026
Fake commit at Sat Jan 10 13:31:32 UTC 2026
Fake commit at Sat Jan 10 17:08:33 UTC 2026
Fake commit at Sun Jan 11 09:20:04 UTC 2026
Fake commit at Sun Jan 11 13:32:24 UTC 2026
Fake commit at Sun Jan 11 17:08:14 UTC 2026
Fake commit at Mon Jan 12 09:31:17 UTC 2026
Fake commit at Mon Jan 12 13:45:24 UTC 2026
Fake commit at Mon Jan 12 17:14:39 UTC 2026
Fake commit at Tue Jan 13 09:27:20 UTC 2026
Fake commit at Tue Jan 13 13:44:35 UTC 2026
Fake commit at Tue Jan 13 17:17:03 UTC 2026
Fake commit at Wed Jan 14 09:27:48 UTC 2026
Fake commit at Wed Jan 14 13:43:00 UTC 2026
Fake commit at Wed Jan 14 17:18:25 UTC 2026
Fake commit at Thu Jan 15 09:27:10 UTC 2026
Fake commit at Thu Jan 15 13:42:49 UTC 2026
Fake commit at Thu Jan 15 17:22:54 UTC 2026
Fake commit at Fri Jan 16 09:26:12 UTC 2026
Fake commit at Fri Jan 16 13:40:27 UTC 2026
Fake commit at Fri Jan 16 17:15:12 UTC 2026
Fake commit at Sat Jan 17 09:19:28 UTC 2026
Fake commit at Sat Jan 17 13:31:11 UTC 2026
Fake commit at Sat Jan 17 17:08:16 UTC 2026
Fake commit at Sun Jan 18 09:20:11 UTC 2026
Fake commit at Sun Jan 18 13:31:16 UTC 2026
Fake commit at Sun Jan 18 17:08:23 UTC 2026
Fake commit at Mon Jan 19 09:33:39 UTC 2026
Fake commit at Mon Jan 19 13:49:01 UTC 2026
Fake commit at Mon Jan 19 17:14:32 UTC 2026
Fake commit at Tue Jan 20 09:31:55 UTC 2026
Fake commit at Tue Jan 20 13:50:17 UTC 2026
Fake commit at Tue Jan 20 17:19:08 UTC 2026
Fake commit at Wed Jan 21 09:31:45 UTC 2026
Fake commit at Wed Jan 21 13:49:39 UTC 2026
Fake commit at Wed Jan 21 17:44:54 UTC 2026
Fake commit at Thu Jan 22 09:31:38 UTC 2026
Fake commit at Thu Jan 22 13:50:41 UTC 2026
Fake commit at Thu Jan 22 17:19:41 UTC 2026
Fake commit at Fri Jan 23 09:29:30 UTC 2026
Fake commit at Fri Jan 23 13:46:07 UTC 2026
Fake commit at Fri Jan 23 17:17:16 UTC 2026
Fake commit at Sat Jan 24 09:19:41 UTC 2026
Fake commit at Sat Jan 24 13:33:08 UTC 2026
Fake commit at Sat Jan 24 17:08:33 UTC 2026
Fake commit at Sun Jan 25 09:21:03 UTC 2026
Fake commit at Sun Jan 25 13:34:40 UTC 2026
Fake commit at Sun Jan 25 17:08:40 UTC 2026
Fake commit at Mon Jan 26 09:33:38 UTC 2026
Fake commit at Mon Jan 26 13:48:26 UTC 2026
Fake commit at Mon Jan 26 17:20:10 UTC 2026
Fake commit at Tue Jan 27 09:32:29 UTC 2026
Fake commit at Tue Jan 27 13:51:02 UTC 2026
Fake commit at Tue Jan 27 17:18:33 UTC 2026
Fake commit at Wed Jan 28 09:33:41 UTC 2026
Fake commit at Wed Jan 28 13:51:29 UTC 2026
Fake commit at Wed Jan 28 17:23:07 UTC 2026
Fake commit at Thu Jan 29 09:41:35 UTC 2026
Fake commit at Thu Jan 29 14:01:08 UTC 2026
Fake commit at Thu Jan 29 17:28:05 UTC 2026
Fake commit at Fri Jan 30 09:36:51 UTC 2026
Fake commit at Fri Jan 30 13:57:49 UTC 2026
Fake commit at Fri Jan 30 17:24:11 UTC 2026
Fake commit at Sat Jan 31 09:27:17 UTC 2026
Fake commit at Sat Jan 31 13:43:26 UTC 2026
Fake commit at Sat Jan 31 17:13:42 UTC 2026
Fake commit at Sun Feb  1 09:29:42 UTC 2026
Fake commit at Sun Feb  1 13:46:31 UTC 2026
Fake commit at Sun Feb  1 17:15:03 UTC 2026
Fake commit at Mon Feb  2 09:49:23 UTC 2026
Fake commit at Mon Feb  2 14:03:19 UTC 2026
